,Unnamed: 0,AIN,Property Location,Location Latitude,Location Longitude,color1000,color1500
0,0,2004013020,8418 PONCE AVE  LOS ANGELES CA  91304,34.22363245,-118.62113521,0.0002097644281906,3.320090645538646e-05
1,1,2004013021,8428 PONCE AVE  LOS ANGELES CA  91304,34.22388662,-118.62113584,0.0002419000560784,6.534220951326058e-05
2,2,2004013022,8438 PONCE AVE  LOS ANGELES CA  91304,34.2241408,-118.62113648,0.0004071689995013,0.0002306403395251
3,3,2004013023,8446 PONCE AVE  LOS ANGELES CA  91304,34.22439498,-118.62113713,0.0002394280847024,6.28698015857318e-05
4,4,2004013024,8500 PONCE AVE  LOS ANGELES CA  91304,34.22464914,-118.62113777,0.0002097644281906,3.320090645538646e-05
5,5,2004013025,8510 PONCE AVE  LOS ANGELES CA  91304,34.22490331,-118.62113842,0.0005109917972926,0.0003344814724813
6,6,2004013026,8518 PONCE AVE  LOS ANGELES CA  91304,34.2251575,-118.62113906,0.0002097644281906,3.320090645538646e-05
7,7,2004013027,8526 PONCE AVE  LOS ANGELES CA  91304,34.22541167,-118.62113969,0.0002419000560784,6.534220951326058e-05
8,8,2004013028,8534 PONCE AVE  LOS ANGELES CA  91304,34.22566583,-118.62114034,0.0003976342527654,0.0002211039089475
9,9,2004013029,8542 PONCE AVE  LOS ANGELES CA  91304,34.22592001,-118.62114099,0.0005229985154046,0.0003464903109865
10,10,2004013030,8550 PONCE AVE  LOS ANGELES CA  91304,34.22617419,-118.62114162,0.0002419000560784,6.534220951326058e-05
11,11,2004013031,8560 PONCE AVE  LOS ANGELES CA  91304,34.22643279,-118.62114941,0.0002394280847024,6.28698015857318e-05
12,12,2004014001,8412 FALLBROOK AVE  LOS ANGELES CA  91304,34.22341479,-118.62317421,0.0002419000560784,6.534220951326058e-05
13,13,2004014002,8420 FALLBROOK AVE  LOS ANGELES CA  91304,34.22366209,-118.62317479,0.0002097644281906,3.320090645538646e-05
14,14,2004014003,8430 FALLBROOK AVE  LOS ANGELES CA  91304,34.22390949,-118.62317558,0.000610930068636,0.00043443739298
15,15,2004014004,8438 FALLBROOK AVE  LOS ANGELES CA  91304,34.22415561,-118.62319095,0.0002394280847024,6.28698015857318e-05
16,16,2004014005,8448 FALLBROOK AVE  LOS ANGELES CA  91304,34.22440755,-118.62325223,0.0002097644281906,3.320090645538646e-05
17,17,2004014006,22732 CHASE PL  LOS ANGELES CA  91304,34.22440514,-118.62286818,0.0005395960375005,0.0003630907642142
18,18,2004014007,22728 CHASE PL  LOS ANGELES CA  91304,34.22425616,-118.62264836,0.0002097644281906,3.320090645538646e-05
19,19,2004014008,22718 CHASE PL  LOS ANGELES CA  91304,34.22430255,-118.6222881,0.0002097644281906,3.320090645538646e-05
20,20,2004014009,22708 CHASE PL  LOS ANGELES CA  91304,34.22431179,-118.62198505,0.0002419000560784,6.534220951326058e-05
21,21,2004014010,22700 CHASE PL  LOS ANGELES CA  91304,34.2243157,-118.62168471,0.000450958206733,0.0002744372799556
22,22,2004014011,22701 RODAX ST  LOS ANGELES CA  91304,34.22397582,-118.62167723,0.0002394280847024,6.28698015857318e-05
23,23,2004014012,22709 RODAX ST  LOS ANGELES CA  91304,34.22397071,-118.62196441,0.0002419000560784,6.534220951326058e-05
24,24,2004014013,22719 RODAX ST  LOS ANGELES CA  91304,34.22396673,-118.62225508,0.0002394280847024,6.28698015857318e-05
25,25,2004014014,22727 RODAX ST  LOS ANGELES CA  91304,34.22400378,-118.62257714,0.0002419000560784,6.534220951326058e-05
26,26,2004014015,22735 RODAX ST  LOS ANGELES CA  91304,34.22388947,-118.62282716,0.0003252408053258,0.0001486976767842
27,27,2004014016,22730 RODAX ST  LOS ANGELES CA  91304,34.22353841,-118.62282555,0.0002097644281906,3.320090645538646e-05
28,28,2004014017,22726 RODAX ST  LOS ANGELES CA  91304,34.22343278,-118.62257266,0.0002419000560784,6.534220951326058e-05
29,29,2004014018,22718 RODAX ST  LOS ANGELES CA  91304,34.22347923,-118.62225209,0.0003933965875494,0.0002168654953575
30,30,2004014019,22708 RODAX ST  LOS ANGELES CA  91304,34.2234843,-118.6219633,0.0006458908066678,0.0004694043050979
31,31,2004014020,22700 RODAX ST  LOS ANGELES CA  91304,34.22348798,-118.62167616,0.0004272979092772,0.0002507728040779
32,32,2004014021,22761 ECCLES ST  LOS ANGELES CA  91304,34.22312745,-118.62322236,0.0004110535259493,0.0002345255519827
33,33,2004014022,22751 ECCLES ST  LOS ANGELES CA  91304,34.22313152,-118.62291531,0.0003796241755975,0.0002030906511898
34,34,2004014023,22741 ECCLES ST  LOS ANGELES CA  91304,34.22313629,-118.62260772,0.0003559638781416,0.000179426175312
35,35,2004014024,22731 ECCLES ST  LOS ANGELES CA  91304,34.22314106,-118.62230014,0.0004347138234051,0.0002581900278605
36,36,2004014025,22721 ECCLES ST  LOS ANGELES CA  91304,34.22314583,-118.62199256,0.0002419000560784,6.534220951326058e-05
37,37,2004014026,22711 ECCLES ST  LOS ANGELES CA  91304,34.22315122,-118.62168544,0.0003958685589254,0.000219337903285
38,38,2004015002,22601 NAPA ST  LOS ANGELES CA  91304,34.22604783,-118.61946128,0.000300167952798,0.0001236203963764
39,39,2004015003,22609 NAPA ST  LOS ANGELES CA  91304,34.22604647,-118.61968979,0.000300167952798,0.0001236203963764
40,40,2004015004,22617 NAPA ST  LOS ANGELES CA  91304,34.22604599,-118.61991804,0.0004343606846371,0.000257836826728
41,41,2004015005,22625 NAPA ST  LOS ANGELES CA  91304,34.22604643,-118.62014658,0.000300167952798,0.0001236203963764
42,42,2004015006,22624 MICHALE ST  LOS ANGELES CA  91304,34.22637884,-118.62012184,0.000300167952798,0.0001236203963764
43,43,2004015007,22618 MICHALE ST  LOS ANGELES CA  91304,34.22634872,-118.61981775,0.0003849212571175,0.0002083886681774
44,44,2004015008,22610 MICHALE ST  LOS ANGELES CA  91304,34.22641454,-118.61952271,0.0005385366211965,0.0003620311608167
45,45,2004015009,22611 MICHALE ST  LOS ANGELES CA  91304,34.22669767,-118.61949611,0.0006674322715156,0.0004909495741807
46,46,2004015010,22615 MICHALE ST  LOS ANGELES CA  91304,34.22685561,-118.61969893,0.0003849212571175,0.0002083886681774
47,47,2004015011,22621 MICHALE ST  LOS ANGELES CA  91304,34.22684768,-118.62004174,0.0004707339777409,0.0002942165433759
48,48,2004015012,22627 MICHALE ST  LOS ANGELES CA  91304,34.22686107,-118.62030403,0.0003799773143655,0.0002034438523223
49,49,2004015013,22635 MICHALE ST  LOS ANGELES CA  91304,34.22687878,-118.6205663,0.000300167952798,0.0001236203963764
50,50,2004015014,22645 MICHALE ST  LOS ANGELES CA  91304,34.22689558,-118.62082239,0.0003849212571175,0.0002083886681774
51,51,2004015015,22653 MICHALE ST  LOS ANGELES CA  91304,34.22692495,-118.62107596,0.0003407789111177,0.0001642385266144
52,52,2004015016,22661 MICHALE ST  LOS ANGELES CA  91304,34.22696221,-118.62133761,0.0002394280847024,6.28698015857318e-05
53,53,2004015017,22701 MICHALE ST  LOS ANGELES CA  91304,34.22699428,-118.62159991,0.0003866869509575,0.0002101546738399
54,54,2004015018,22711 MICHALE ST  LOS ANGELES CA  91304,34.22702482,-118.62186193,0.0003813898694375,0.0002048566568523
55,55,2004015019,22719 MICHALE ST  LOS ANGELES CA  91304,34.22705536,-118.62212395,0.0003799773143655,0.0002034438523223
56,56,2004015020,22727 MICHALE ST  LOS ANGELES CA  91304,34.22709153,-118.6224369,0.0004710871165089,0.0002945697445084
57,57,2004015021,22722 MICHALE ST  LOS ANGELES CA  91304,34.22659464,-118.62243766,0.0002419000560784,6.534220951326058e-05
58,58,2004015022,22712 MICHALE ST  LOS ANGELES CA  91304,34.22654911,-118.6220791,0.0003510199353897,0.000174481359457
59,59,2004015023,8561 PONCE AVE  LOS ANGELES CA  91304,34.22650671,-118.62171928,0.0007136934501233,0.0005372189225387
60,60,2004015024,8551 PONCE AVE  LOS ANGELES CA  91304,34.22623161,-118.62172721,0.0004191757176132,0.0002426491780303
61,61,2004015025,22711 NAPA ST  LOS ANGELES CA  91304,34.22628122,-118.62207803,0.0005290018744605,0.0003524947302391
62,62,2004015026,22719 NAPA ST  LOS ANGELES CA  91304,34.22629272,-118.62241771,0.0004795624469409,0.0003030465716885
63,63,2004015027,22724 NAPA ST  LOS ANGELES CA  91304,34.22602689,-118.62247745,0.0002419000560784,6.534220951326058e-05
64,64,2004015028,22720 NAPA ST  LOS ANGELES CA  91304,34.22578211,-118.62239988,0.0003838618408135,0.0002073290647799
65,65,2004015029,22710 NAPA ST  LOS ANGELES CA  91304,34.22578288,-118.62203597,0.0004227071052932,0.0002461811893553
66,66,2004015030,22700 NAPA ST  LOS ANGELES CA  91304,34.22580186,-118.62170083,0.0002394280847024,6.28698015857318e-05
67,67,2004015031,22701 MALDEN ST  LOS ANGELES CA  91304,34.22549553,-118.62170013,0.0002447251662224,6.816781857329347e-05
68,68,2004015032,22711 MALDEN ST  LOS ANGELES CA  91304,34.22551358,-118.62203534,0.0002394280847024,6.28698015857318e-05
69,69,2004015033,22719 MALDEN ST  LOS ANGELES CA  91304,34.22551314,-118.62239987,0.0002394280847024,6.28698015857318e-05
70,70,2004015034,22724 MALDEN ST  LOS ANGELES CA  91304,34.22527127,-118.6224795,0.0004202351339172,0.0002437087814278
71,71,2004015035,22720 MALDEN ST  LOS ANGELES CA  91304,34.22503178,-118.6223988,0.0002394280847024,6.28698015857318e-05
72,72,2004015036,22710 MALDEN ST  LOS ANGELES CA  91304,34.2250303,-118.62203422,0.0002419000560784,6.534220951326058e-05
73,73,2004015037,22700 MALDEN ST  LOS ANGELES CA  91304,34.22504929,-118.6216991,0.0003729145390055,0.0001963798296722
74,74,2004015038,22701 CHASE PL  LOS ANGELES CA  91304,34.22475872,-118.62171819,0.0004315355744932,0.0002550112176679
75,75,2004015039,22713 CHASE PL  LOS ANGELES CA  91304,34.22475515,-118.62207798,0.0002705042962862,9.39515012460936e-05
76,76,2004015040,22723 CHASE PL  LOS ANGELES CA  91304,34.22476509,-118.62244288,0.0002419000560784,6.534220951326058e-05
77,77,2004015041,22577 NAPA ST  WEST HILLS CA  91304,34.22637657,-118.61924713,0.0008545958185544,0.0006781461744078
78,78,2004016001,22570 NAPA ST  LOS ANGELES CA  91304,34.22551427,-118.61902454,0.000300167952798,0.0001236203963764
79,79,2004016002,22566 NAPA ST  LOS ANGELES CA  91304,34.22551239,-118.61880997,0.0006783795733236,0.0005018988092883
80,80,2004016003,22560 NAPA ST  LOS ANGELES CA  91304,34.22551098,-118.61859495,0.0002411937785424,6.463580724825235e-05
81,81,2004016004,22552 NAPA ST  LOS ANGELES CA  91304,34.22550959,-118.61837994,0.0005222922378686,0.0003457839087215
82,82,2004016005,22546 NAPA ST  LOS ANGELES CA  91304,34.22550818,-118.61816327,0.000300167952798,0.0001236203963764
83,83,2004016006,22540 NAPA ST  LOS ANGELES CA  91304,34.22550643,-118.6179438,0.0005222922378686,0.0003457839087215
84,84,2004016007,22536 NAPA ST  LOS ANGELES CA  91304,34.22546631,-118.61770355,0.0003849212571175,0.0002083886681774
85,85,2004016008,22530 NAPA ST  LOS ANGELES CA  91304,34.22544221,-118.61736902,0.0003849212571175,0.0002083886681774
86,86,2004016009,22526 NAPA ST  LOS ANGELES CA  91304,34.22560057,-118.61722323,0.0003849212571175,0.0002083886681774
87,87,2004016010,22527 NAPA ST  LOS ANGELES CA  91304,34.22587359,-118.61722588,0.0004869783610688,0.0003104637954711
88,88,2004016011,22531 NAPA ST  LOS ANGELES CA  91304,34.22605958,-118.61736834,0.000300167952798,0.0001236203963764
89,89,2004016012,22535 NAPA ST  LOS ANGELES CA  91304,34.2260404,-118.61767981,0.0003849212571175,0.0002083886681774
90,90,2004016013,22539 NAPA ST  LOS ANGELES CA  91304,34.22603067,-118.61790398,0.000300167952798,0.0001236203963764
91,91,2004016014,22545 NAPA ST  LOS ANGELES CA  91304,34.22603221,-118.61812408,0.0005222922378686,0.0003457839087215
92,92,2004016015,22551 NAPA ST  LOS ANGELES CA  91304,34.2260337,-118.61834572,0.0003849212571175,0.0002083886681774
93,93,2004016016,22559 NAPA ST  LOS ANGELES CA  91304,34.22603522,-118.61856819,0.0005222922378686,0.0003457839087215
94,94,2004016017,22565 NAPA ST  LOS ANGELES CA  91304,34.22603674,-118.61879248,0.000300167952798,0.0001236203963764
95,95,2004016018,22571 NAPA ST  LOS ANGELES CA  91304,34.22604017,-118.61901898,0.0003849212571175,0.0002083886681774
96,96,2004016019,22567 MALDEN ST  LOS ANGELES CA  91304,34.22513805,-118.6190169,0.0003114683933739,0.0001349228326165
97,97,2004016020,22561 MALDEN ST  LOS ANGELES CA  91304,34.22513757,-118.61878997,0.0002567318843343,8.017665707843326e-05
98,98,2004016021,22555 MALDEN ST  LOS ANGELES CA  91304,34.22514017,-118.61856344,0.0004350669621731,0.000258543228993
99,99,2004016022,22549 MALDEN ST  LOS ANGELES CA  91304,34.22513335,-118.61833971,0.0008139848602347,0.0006375280441699
100,100,2004016023,22541 MALDEN ST  LOS ANGELES CA  91304,34.22512895,-118.61811807,0.0001836321593588,7.064022650082225e-06
101,101,2004016024,22535 MALDEN ST  LOS ANGELES CA  91304,34.2251248,-118.61789628,0.0003114683933739,0.0001349228326165
102,102,2004016025,22529 MALDEN ST  LOS ANGELES CA  91304,34.22512671,-118.61766772,0.0002256556727505,4.909495741807147e-05
103,103,2004016026,22525 MALDEN ST  LOS ANGELES CA  91304,34.22515598,-118.61737863,0.0004820344183168,0.000305518979616
104,104,2004016027,22521 MALDEN ST  LOS ANGELES CA  91304,34.22499967,-118.61720748,0.0003114683933739,0.0001349228326165
105,105,2004016028,22520 MALDEN ST  LOS ANGELES CA  91304,34.22469235,-118.61720271,0.0002503753865103,7.381903669335925e-05
106,106,2004016029,8501 CAPISTRANO AVE  LOS ANGELES CA  91304,34.22456041,-118.6167981,0.000309349560766,0.0001328036258215
107,107,2004016030,8509 CAPISTRANO AVE  LOS ANGELES CA  91304,34.22482144,-118.61679989,0.000150437115167,0.0
108,108,2004016031,8519 CAPISTRANO AVE  LOS ANGELES CA  91304,34.22503578,-118.61680122,0.0001684471923349,0.0
109,109,2004016032,8525 CAPISTRANO AVE  LOS ANGELES CA  91304,34.2252501,-118.61680252,0.0001684471923349,0.0
110,110,2004016033,8533 CAPISTRANO AVE  LOS ANGELES CA  91304,34.22546442,-118.61680383,0.0001677409147989,0.0
111,111,2004016034,8541 CAPISTRANO AVE  LOS ANGELES CA  91304,34.22567875,-118.61680514,0.000150437115167,0.0
112,112,2004016035,8549 CAPISTRANO AVE  LOS ANGELES CA  91304,34.22589308,-118.61680645,0.0001677409147989,0.0
113,113,2004016036,8557 CAPISTRANO AVE  LOS ANGELES CA  91304,34.22611027,-118.61680808,0.0001684471923349,0.0
114,114,2004017001,22310 BRYANT ST  LOS ANGELES CA  91304,34.22684199,-118.61385131,0.0007744333182189,0.0005979695173294
115,115,2004017002,8563 RUDNICK AVE  LOS ANGELES CA  91304,34.22685171,-118.61335668,0.0005018101893247,0.0003252982430362
116,116,2004017003,8555 RUDNICK AVE  LOS ANGELES CA  91304,34.22649464,-118.61372908,0.0013602905343272,0.0011839301961537
117,117,2004017004,8545 RUDNICK AVE  LOS ANGELES CA  91304,34.22630979,-118.61342974,0.0007151060051953,0.0005386317270687
118,118,2004017005,22301 MICHALE ST  LOS ANGELES CA  91304,34.22604076,-118.61339269,0.000458020982093,0.0002815013026057
119,119,2004017006,22311 MICHALE ST  LOS ANGELES CA  91304,34.22602384,-118.61375231,0.0005000444954847,0.0003235322373737
120,120,2004017007,22321 MICHALE ST  LOS ANGELES CA  91304,34.22603867,-118.61409481,0.0004848595284608,0.000308344588676
121,121,2004017008,22331 MICHALE ST  LOS ANGELES CA  91304,34.22605313,-118.61438664,0.0006752013244116,0.0004987199990958
122,122,2004017009,22339 MICHALE ST  LOS ANGELES CA  91304,34.22608135,-118.61472113,0.0004848595284608,0.000308344588676
123,123,2004017010,8547 SHOUP AVE  LOS ANGELES CA  91304,34.22599432,-118.61505057,0.0006970959280274,0.000520618469311
124,124,2004017011,8539 SHOUP AVE  LOS ANGELES CA  91304,34.22565557,-118.61508711,0.001082017185145,0.0009056077037405
125,125,2004017012,8529 SHOUP AVE  LOS ANGELES CA  91304,34.22536641,-118.61506141,0.0004456611252131,0.0002691392629681
126,126,2004017013,8517 SHOUP AVE  LOS ANGELES CA  91304,34.22506408,-118.61506084,0.0004781498918689,0.0003016337671585
127,127,2004017014,8501 SHOUP AVE  LOS ANGELES CA  91304,34.22469219,-118.61506063,0.0003983405303014,0.0002218103112125
128,128,2004017015,22455 MICHALE ST  LOS ANGELES CA  91304,34.2260391,-118.61623516,0.0001684471923349,0.0
129,129,2004017016,22445 MICHALE ST  LOS ANGELES CA  91304,34.22603846,-118.61595851,0.0001677409147989,0.0
130,130,2004017017,22437 MICHALE ST  LOS ANGELES CA  91304,34.22605024,-118.61568584,0.0001684471923349,0.0
131,131,2004017018,22431 MICHALE ST  LOS ANGELES CA  91304,34.22601889,-118.6153887,0.000302639924174,0.0001260928043039
132,132,2004017019,22430 MICHALE ST  LOS ANGELES CA  91304,34.22549844,-118.6154216,0.000150437115167,0.0
133,133,2004017020,22434 MICHALE ST  LOS ANGELES CA  91304,34.2250655,-118.61545932,0.0001677409147989,0.0
134,134,2004017021,22438 MICHALE ST  LOS ANGELES CA  91304,34.22508082,-118.61578242,0.0003227688339499,0.0001462252688567
135,135,2004017022,22442 MICHALE ST  LOS ANGELES CA  91304,34.22548127,-118.61580673,0.0003097026995339,0.000133156826954
136,136,2004017023,22446 MICHALE ST  LOS ANGELES CA  91304,34.22558177,-118.6161479,0.0001684471923349,0.0
137,137,2004017024,8528 CAPISTRANO AVE  LOS ANGELES CA  91304,34.22533691,-118.61615554,0.0001684471923349,0.0
138,138,2004017025,8518 CAPISTRANO AVE  LOS ANGELES CA  91304,34.22509709,-118.61615814,0.0001677409147989,0.0
139,139,2004017026,8510 CAPISTRANO AVE  LOS ANGELES CA  91304,34.22485804,-118.61615669,0.000456961565789,0.0002804416992082
140,140,2004017027,8500 CAPISTRANO AVE  LOS ANGELES CA  91304,34.22461055,-118.61615437,0.0001684471923349,0.0
141,141,2004017028,22427 NAPA ST  LOS ANGELES CA  91304,34.224647,-118.61579391,0.0001677409147989,0.0
142,142,2004017029,22415 NAPA ST  LOS ANGELES CA  91304,34.22464725,-118.6154472,0.000150437115167,0.0
143,143,2004018001,8451 RUDNICK AVE  LOS ANGELES CA  91304,34.22479674,-118.61345216,0.0002394280847024,6.28698015857318e-05
144,144,2004018002,8441 RUDNICK AVE  LOS ANGELES CA  91304,34.22452381,-118.61346696,0.0002394280847024,6.28698015857318e-05
145,145,2004018003,8431 RUDNICK AVE  LOS ANGELES CA  91304,34.22422692,-118.61341687,0.0002394280847024,6.28698015857318e-05
146,146,2004018004,8421 RUDNICK AVE  LOS ANGELES CA  91304,34.2239664,-118.61350959,0.0002394280847024,6.28698015857318e-05
147,147,2004018005,8411 RUDNICK AVE  LOS ANGELES CA  91304,34.22369782,-118.61367998,0.0002394280847024,6.28698015857318e-05
148,148,2004018006,8401 RUDNICK AVE  LOS ANGELES CA  91304,34.22339703,-118.61365721,0.0004202351339172,0.0002437087814278
149,149,2004018007,22321 CHASE ST  LOS ANGELES CA  91304,34.22331813,-118.61392382,0.0003750333716135,0.0001984990364673
150,150,2004018008,22343 CHASE ST  LOS ANGELES CA  91304,34.22320472,-118.61416545,0.0001981108488467,2.1545269082750783e-05
151,151,2004018009,8412 SHOUP AVE  LOS ANGELES CA  91304,34.22329426,-118.61448383,0.0003750333716135,0.0001984990364673
152,152,2004018010,8422 SHOUP AVE  LOS ANGELES CA  91304,34.22356009,-118.6144719,0.0005908011588601,0.0004143049284273
153,153,2004018011,22354 MALDEN ST  LOS ANGELES CA  91304,34.22383939,-118.61449315,0.0002394280847024,6.28698015857318e-05
154,154,2004018012,22340 MALDEN ST  LOS ANGELES CA  91304,34.22366296,-118.61414141,0.0001981108488467,2.1545269082750783e-05
155,155,2004018013,22330 MALDEN ST  LOS ANGELES CA  91304,34.22388754,-118.61394478,0.0002768607941102,0.0001003091216311
156,156,2004018014,22335 MALDEN ST  LOS ANGELES CA  91304,34.22420712,-118.61386022,0.0002768607941102,0.0001003091216311
157,157,2004018016,8446 SHOUP AVE  LOS ANGELES CA  91304,34.22431624,-118.61450843,0.0002394280847024,6.28698015857318e-05
158,158,2004018017,8400 SHOUP AVE  LOS ANGELES CA  91304,34.22300826,-118.61448793,0.0001981108488467,2.1545269082750783e-05
159,159,2004018020,22312 NAPA ST  LOS ANGELES CA  91304,34.22478575,-118.61385898,0.0003983405303014,0.0002218103112125
160,160,2004018021,22315 NAPA ST  LOS ANGELES CA  91304,34.22510142,-118.61386805,0.0003983405303014,0.0002218103112125
161,161,2004018022,22325 NAPA ST  LOS ANGELES CA  91304,34.22522458,-118.61413596,0.0006762607407156,0.0004997796024933
162,162,2004018023,8516 SHOUP AVE  LOS ANGELES CA  91304,34.22506187,-118.61452059,0.0004393046273891,0.000262781642583
163,163,2004018024,8526 SHOUP AVE  LOS ANGELES CA  91304,34.2253702,-118.61450536,0.0003425446049577,0.0001660045322769
164,164,2004018025,22330 MICHALE ST  LOS ANGELES CA  91304,34.22561827,-118.61449554,0.0004202351339172,0.0002437087814278
165,165,2004018026,22322 MICHALE ST  LOS ANGELES CA  91304,34.22556373,-118.61415098,0.0005692596940123,0.0003927596593445
166,166,2004018027,22314 MICHALE ST  LOS ANGELES CA  91304,34.22557176,-118.6138577,0.0005071072708447,0.0003305962600238
167,167,2004018028,8521 RUDNICK AVE  LOS ANGELES CA  91304,34.22560968,-118.61344654,0.0003983405303014,0.0002218103112125
168,168,2004018029,8511 RUDNICK AVE  LOS ANGELES CA  91304,34.22534098,-118.61347741,0.0003983405303014,0.0002218103112125
169,169,2004018030,8501 RUDNICK AVE  LOS ANGELES CA  91304,34.22506542,-118.61344946,0.0003432508824937,0.0001667109345419
170,170,2004019001,8400 RUDNICK AVE  LOS ANGELES CA  91304,34.22357721,-118.61312234,0.0001981108488467,2.1545269082750783e-05
171,171,2004019002,22261 CHASE ST  LOS ANGELES CA  91304,34.22366006,-118.61279365,0.0002394280847024,6.28698015857318e-05
172,172,2004019003,8422 RUDNICK AVE  LOS ANGELES CA  91304,34.2239405,-118.61282401,0.0004174100237733,0.0002408831723678
173,173,2004019004,8432 RUDNICK AVE  LOS ANGELES CA  91304,34.22422185,-118.61279974,0.0006349435048598,0.0004584550699903
174,174,2004019005,8442 RUDNICK AVE  LOS ANGELES CA  91304,34.2244871,-118.61280029,0.0004184694400772,0.0002419427757653
175,175,2004019006,8452 RUDNICK AVE  LOS ANGELES CA  91304,34.22474197,-118.61280091,0.0002394280847024,6.28698015857318e-05
176,176,2004019007,8500 RUDNICK AVE  LOS ANGELES CA  91304,34.22499683,-118.61280151,0.0003393663560458,0.0001628257220843
177,177,2004019008,8485 MOORCROFT AVE  LOS ANGELES CA  91304,34.22462733,-118.61237619,0.0003775053429895,0.0002009714443948
178,178,2004019009,8479 MOORCROFT AVE  LOS ANGELES CA  91304,34.22438001,-118.61237552,0.0003425446049577,0.0001660045322769
179,179,2004019010,8473 MOORCROFT AVE  LOS ANGELES CA  91304,34.22413271,-118.61237485,0.0001977577100787,2.119206795024668e-05
180,180,2004019011,8463 MOORCROFT AVE  LOS ANGELES CA  91304,34.22388532,-118.61237398,0.0002062330405106,2.9668895130345343e-05
181,181,2004019012,8451 MOORCROFT AVE  LOS ANGELES CA  91304,34.22363407,-118.61236943,0.0005434805639484,0.0003669759766717
182,182,2004019013,8506 RUDNICK AVE  LOS ANGELES CA  91304,34.22525167,-118.61280213,0.0003662049024136,0.0001896690081547
183,183,2004019014,8514 RUDNICK AVE  LOS ANGELES CA  91304,34.22551685,-118.61280278,0.0003263002216298,0.0001497572801817
184,184,2004019015,8524 RUDNICK AVE  LOS ANGELES CA  91304,34.22578229,-118.61280393,0.0003432508824937,0.0001667109345419
185,185,2004019016,8530 RUDNICK AVE  LOS ANGELES CA  91304,34.22604859,-118.61281633,0.0003944560038534,0.000217925098755
186,186,2004019017,8540 RUDNICK AVE  LOS ANGELES CA  91304,34.2263123,-118.61282147,0.0005367709273565,0.0003602651551541
187,187,2004019018,8550 RUDNICK AVE  LOS ANGELES CA  91304,34.22657346,-118.61282225,0.0003432508824937,0.0001667109345419
188,188,2004019019,8560 RUDNICK AVE  LOS ANGELES CA  91304,34.22684037,-118.61278733,0.0005145231849726,0.0003380134838064
189,189,2004019020,8563 MOORCROFT AVE  LOS ANGELES CA  91304,34.22670852,-118.61249121,0.0006017484606681,0.0004252541635349
190,190,2004019021,8549 MOORCROFT AVE  LOS ANGELES CA  91304,34.22639386,-118.6123803,0.0003693831513256,0.0001928478183472
191,191,2004019022,8539 MOORCROFT AVE  LOS ANGELES CA  91304,34.22615391,-118.61237593,0.0004322418520292,0.0002557176199329
192,192,2004019023,8531 MOORCROFT AVE  LOS ANGELES CA  91304,34.22590505,-118.61237964,0.0003884526447974,0.0002119206795024
193,193,2004019024,8523 MOORCROFT AVE  LOS ANGELES CA  91304,34.22565089,-118.61237896,0.0003241813890219,0.0001476380733867
194,194,2004019025,8515 MOORCROFT AVE  LOS ANGELES CA  91304,34.22539671,-118.61237828,0.0004322418520292,0.0002557176199329
195,195,2004019026,8507 MOORCROFT AVE  LOS ANGELES CA  91304,34.22513842,-118.61237759,0.0003884526447974,0.0002119206795024
196,196,2004019027,8491 MOORCROFT AVE  LOS ANGELES CA  91304,34.22488012,-118.61237687,0.0005381834824285,0.0003616779596842
197,197,2004020001,8487 FARRALONE AVE  LOS ANGELES CA  91304,34.22467328,-118.61136421,0.0005240579317086,0.000347549914384
198,198,2004020002,8481 FARRALONE AVE  LOS ANGELES CA  91304,34.22443147,-118.61136359,0.0003898651998694,0.0002133334840324
199,199,2004020003,8477 FARRALONE AVE  LOS ANGELES CA  91304,34.22418892,-118.61136096,0.0003626735147336,0.0001861369968296
200,200,2004020004,8465 FARRALONE AVE  LOS ANGELES CA  91304,34.22394613,-118.61132266,0.0001977577100787,2.119206795024668e-05
201,201,2004020005,8451 FARRALONE AVE  LOS ANGELES CA  91304,34.22366575,-118.61118876,0.000302993062942,0.0001264460054364
202,202,2004020006,22213 CHASE ST  LOS ANGELES CA  91304,34.22366716,-118.61150359,0.000302993062942,0.0001264460054364
203,203,2004020007,8450 MOORCROFT AVE  LOS ANGELES CA  91304,34.22366832,-118.61181568,0.0002062330405106,2.9668895130345343e-05
204,204,2004020008,8464 MOORCROFT AVE  LOS ANGELES CA  91304,34.22394493,-118.61176412,0.0003778584817575,0.0002013246455273
205,205,2004020009,8474 MOORCROFT AVE  LOS ANGELES CA  91304,34.22418891,-118.61177641,0.0002062330405106,2.9668895130345343e-05
206,206,2004020010,8480 MOORCROFT AVE  LOS ANGELES CA  91304,34.22443072,-118.61177706,0.000302993062942,0.0001264460054364
207,207,2004020011,8486 MOORCROFT AVE  LOS ANGELES CA  91304,34.22466498,-118.61177769,0.0002062330405106,2.9668895130345343e-05
208,208,2004020012,8563 FARRALONE AVE  LOS ANGELES CA  91304,34.22691053,-118.61144467,0.0006303527008759,0.0004538634552677
209,209,2004020013,8555 FARRALONE AVE  LOS ANGELES CA  91304,34.22666354,-118.61142774,0.0003884526447974,0.0002119206795024
210,210,2004020014,8547 FARRALONE AVE  LOS ANGELES CA  91304,34.22641182,-118.61139446,0.0003241813890219,0.0001476380733867
211,211,2004020015,8539 FARRALONE AVE  LOS ANGELES CA  91304,34.22615674,-118.61137621,0.0003884526447974,0.0002119206795024
212,212,2004020016,8531 FARRALONE AVE  LOS ANGELES CA  91304,34.22590115,-118.61136855,0.0003241813890219,0.0001476380733867
213,213,2004020017,8523 FARRALONE AVE  LOS ANGELES CA  91304,34.22565012,-118.61136682,0.0004322418520292,0.0002557176199329
214,214,2004020018,8515 FARRALONE AVE  LOS ANGELES CA  91304,34.22540557,-118.61136618,0.0003390132172778,0.0001624725209518
215,215,2004020019,8507 FARRALONE AVE  LOS ANGELES CA  91304,34.22516103,-118.61136551,0.0003884526447974,0.0002119206795024
216,216,2004020020,8493 FARRALONE AVE  LOS ANGELES CA  91304,34.22491646,-118.61136486,0.0003665580411816,0.0001900222092872
217,217,2004020021,8508 MOORCROFT AVE  LOS ANGELES CA  91304,34.22516301,-118.61177904,0.0003923371712454,0.00021580589196
218,218,2004020022,8516 MOORCROFT AVE  LOS ANGELES CA  91304,34.22541306,-118.61177971,0.0003884526447974,0.0002119206795024
219,219,2004020023,8524 MOORCROFT AVE  LOS ANGELES CA  91304,34.22566038,-118.61178038,0.0005876229099482,0.0004111261182347
220,220,2004020024,8532 MOORCROFT AVE  LOS ANGELES CA  91304,34.22590768,-118.61178104,0.000454136455645,0.0002776160901482
221,221,2004020025,8540 MOORCROFT AVE  LOS ANGELES CA  91304,34.22615894,-118.61177937,0.0003884526447974,0.0002119206795024
222,222,2004020026,8548 MOORCROFT AVE  LOS ANGELES CA  91304,34.22641248,-118.61179674,0.0003884526447974,0.0002119206795024
223,223,2004020027,8556 MOORCROFT AVE  LOS ANGELES CA  91304,34.22666727,-118.61186847,0.0003884526447974,0.0002119206795024
224,224,2004020028,8564 MOORCROFT AVE  LOS ANGELES CA  91304,34.22687289,-118.61200201,0.0004322418520292,0.0002557176199329
225,225,2004020029,8500 MOORCROFT AVE  LOS ANGELES CA  91304,34.22490816,-118.61177835,0.0003241813890219,0.0001476380733867
226,226,2004020030,8630 RUDNICK AVE  LOS ANGELES CA  91304,34.22716599,-118.61142933,0.0003750333716135,0.0001984990364673
227,227,2004020031,8620 RUDNICK AVE  LOS ANGELES CA  91304,34.22712944,-118.61177462,0.0006003359055961,0.0004238413590049
228,228,2004020032,8612 RUDNICK AVE  LOS ANGELES CA  91304,34.22707079,-118.61215094,0.0003241813890219,0.0001476380733867
229,229,2004021001,8650 DELMONICO AVE  LOS ANGELES CA  91304,34.22855996,-118.61345221,0.0005007507730207,0.0003242386396387
230,230,2004021002,8640 DELMONICO AVE  LOS ANGELES CA  91304,34.22826993,-118.61346586,0.0005007507730207,0.0003242386396387
231,231,2004021003,8630 DELMONICO AVE  LOS ANGELES CA  91304,34.22801416,-118.61332808,0.0005194671277246,0.0003429582996614
232,232,2004021004,8620 DELMONICO AVE  LOS ANGELES CA  91304,34.22822076,-118.61312393,0.0005007507730207,0.0003242386396387
233,233,2004021005,8610 DELMONICO AVE  LOS ANGELES CA  91304,34.22852798,-118.6131109,0.0005007507730207,0.0003242386396387
234,234,2004021006,8600 DELMONICO AVE  LOS ANGELES CA  91304,34.22859482,-118.61277171,0.0005830321059642,0.0004065345035122
235,235,2004021009,8603 DELMONICO AVE  LOS ANGELES CA  91304,34.22852813,-118.61240509,0.0005385366211965,0.0003620311608167
236,236,2004021010,8611 DELMONICO AVE  LOS ANGELES CA  91304,34.22826057,-118.61259369,0.0005194671277246,0.0003429582996614
237,237,2004021011,8621 DELMONICO AVE  LOS ANGELES CA  91304,34.22794617,-118.61270764,0.0005385366211965,0.0003620311608167
238,238,2004021012,8625 DELMONICO AVE  LOS ANGELES CA  91304,34.22768975,-118.61285229,0.0005275893193885,0.000351081925709
239,239,2004021013,8629 DELMONICO AVE  LOS ANGELES CA  91304,34.22764708,-118.61323176,0.0005194671277246,0.0003429582996614
240,240,2004021014,8633 DELMONICO AVE  LOS ANGELES CA  91304,34.22765792,-118.61361519,0.0005385366211965,0.0003620311608167
241,241,2004021015,8637 DELMONICO AVE  LOS ANGELES CA  91304,34.22772481,-118.61389791,0.0005385366211965,0.0003620311608167
242,242,2004021016,8641 DELMONICO AVE  LOS ANGELES CA  91304,34.22797267,-118.6139548,0.0006872080425235,0.0005107288376009
243,243,2004021017,8645 DELMONICO AVE  LOS ANGELES CA  91304,34.22826497,-118.61395183,0.0005007507730207,0.0003242386396387
244,244,2004021018,8655 DELMONICO AVE  LOS ANGELES CA  91304,34.22855722,-118.61394999,0.0005007507730207,0.0003242386396387
245,245,2004021019,8660 DELMONICO AVE  LOS ANGELES CA  91304,34.22884786,-118.61344097,0.0005311207070685,0.0003546139370341
246,246,2004021020,22260 PARTHENIA ST  LOS ANGELES CA  91304,34.22884948,-118.61307169,0.0005134637686686,0.0003369538804089
247,247,2004021021,22254 PARTHENIA ST  LOS ANGELES CA  91304,34.22884995,-118.61271162,0.0006289401458039,0.0004524506507377
248,248,2004021022,8605 RUDNICK AVE  LOS ANGELES CA  91304,34.22734609,-118.61280408,0.0005011039117887,0.0003245918407712
249,249,2004021023,8601 RUDNICK AVE  LOS ANGELES CA  91304,34.22724281,-118.61309658,0.0007246407519313,0.0005481681576463
250,250,2004021024,22309 BRYANT ST  LOS ANGELES CA  91304,34.22735515,-118.61336211,0.0005102855197567,0.0003337750702163
251,251,2004021025,22317 BRYANT ST  LOS ANGELES CA  91304,34.22738874,-118.61376853,0.000923457878314,0.0007470203952461
252,252,2004021026,22320 BRYANT ST  LOS ANGELES CA  91304,34.22714247,-118.61394388,0.0006508347494197,0.000474349120953
253,253,2004021027,8611 RUDNICK AVE  LOS ANGELES CA  91304,34.22745597,-118.61244083,0.0004322418520292,0.0002557176199329
254,254,2004021028,8617 RUDNICK AVE  LOS ANGELES CA  91304,34.22755057,-118.61214971,0.0004272979092772,0.0002507728040779
255,255,2004021029,8623 RUDNICK AVE  LOS ANGELES CA  91304,34.22761194,-118.61188175,0.0003884526447974,0.0002119206795024
256,256,2004021030,8629 RUDNICK AVE  LOS ANGELES CA  91304,34.22762936,-118.61159395,0.0003580827107496,0.0001815453821071
257,257,2004021031,8635 RUDNICK AVE  LOS ANGELES CA  91304,34.22760658,-118.61131325,0.0004343606846371,0.000257836826728
258,258,2004021032,22200 TIOGA PL  LOS ANGELES CA  91304,34.22798319,-118.61127199,0.0005604312248123,0.0003839296310319
259,259,2004021033,22208 TIOGA PL  LOS ANGELES CA  91304,34.22797704,-118.61154253,0.0003580827107496,0.0001815453821071
260,260,2004021034,22216 TIOGA PL  LOS ANGELES CA  91304,34.22791362,-118.61187012,0.0004322418520292,0.0002557176199329
261,261,2004021035,22222 TIOGA PL  LOS ANGELES CA  91304,34.2278806,-118.6123071,0.0003241813890219,0.0001476380733867
262,262,2004021036,22228 TIOGA PL  LOS ANGELES CA  91304,34.22813173,-118.61221582,0.0005607843635803,0.0003842828321644
263,263,2004021037,22221 TIOGA PL  LOS ANGELES CA  91304,34.22836813,-118.61211801,0.0003241813890219,0.0001476380733867
264,264,2004021038,22215 TIOGA PL  LOS ANGELES CA  91304,34.22854325,-118.61184417,0.0003884526447974,0.0002119206795024
265,265,2004021039,22209 TIOGA PL  LOS ANGELES CA  91304,34.22849585,-118.61154403,0.0006215242316759,0.0004450334269551
266,266,2004021040,22201 TIOGA PL  LOS ANGELES CA  91304,34.22843312,-118.61124331,0.0003884526447974,0.0002119206795024
267,267,2004021041,8701 FARRALONE AVE  LOS ANGELES CA  91304,34.22872611,-118.61112911,0.0003743270940775,0.0001977926342023
268,268,2004021042,8721 FARRALONE AVE  LOS ANGELES CA  91304,34.2288069,-118.61146215,0.0004322418520292,0.0002557176199329
269,269,2004021043,22244 PARTHENIA ST  LOS ANGELES CA  91304,34.22882537,-118.6123932,0.0005007507730207,0.0003242386396387
270,270,2004021044,22234 PARTHENIA ST  LOS ANGELES CA  91304,34.22881552,-118.61204831,0.0003407789111177,0.0001642385266144
271,271,2004022001,8725 FARRALONE AVE  LOS ANGELES CA  91304,34.22955933,-118.6116593,0.0007348817762032,0.0005584109904889
272,272,2004022002,8733 FARRALONE AVE  LOS ANGELES CA  91304,34.2297659,-118.61144209,0.0006882674588275,0.0005117884409984
273,273,2004022003,8739 FARRALONE AVE  LOS ANGELES CA  91304,34.22992584,-118.611313,0.000452017623037,0.0002754968833532
274,274,2004022004,8747 FARRALONE AVE  LOS ANGELES CA  91304,34.23007836,-118.61117438,0.000452017623037,0.0002754968833532
275,275,2004022005,8753 FARRALONE AVE  LOS ANGELES CA  91304,34.23022566,-118.61102411,0.0006882674588275,0.0005117884409984
276,276,2004022007,8794 MOORCROFT AVE  LOS ANGELES CA  91304,34.23035377,-118.61150045,0.0006882674588275,0.0005117884409984
277,277,2004022008,8788 MOORCROFT AVE  LOS ANGELES CA  91304,34.23013255,-118.61175689,0.0006882674588275,0.0005117884409984
278,278,2004022009,8782 MOORCROFT AVE  LOS ANGELES CA  91304,34.22993915,-118.61194405,0.0009005038583941,0.0007240623216334
279,279,2004022010,8728 MOORCROFT PL  LOS ANGELES CA  91304,34.22994315,-118.61230871,0.000452017623037,0.0002754968833532
280,280,2004022011,8722 MOORCROFT PL  LOS ANGELES CA  91304,34.22970201,-118.61216119,0.0006882674588275,0.0005117884409984
281,281,2004022012,8720 MOORCROFT PL  LOS ANGELES CA  91304,34.22954655,-118.61229898,0.0006882674588275,0.0005117884409984
282,282,2004022013,8719 MOORCROFT PL  LOS ANGELES CA  91304,34.22952989,-118.6126637,0.0008203413580586,0.0006438856645549
283,283,2004022014,8721 MOORCROFT AVE  LOS ANGELES CA  91304,34.22960731,-118.61293664,0.000452017623037,0.0002754968833532
284,284,2004022015,8727 MOORCROFT PL  LOS ANGELES CA  91304,34.22988679,-118.6129202,0.000606339264652,0.0004298457782575
285,285,2004022016,8750 MOORCROFT AVE  LOS ANGELES CA  91304,34.22990425,-118.61335528,0.000606339264652,0.0004298457782575
286,286,2004022017,8718 DELMONICO AVE  LOS ANGELES CA  91304,34.22970046,-118.61336658,0.0006882674588275,0.0005117884409984
287,287,2004022018,8710 DELMONICO AVE  LOS ANGELES CA  91304,34.22950523,-118.61336621,0.0006882674588275,0.0005117884409984
288,288,2004022019,8711 DELMONICO AVE  LOS ANGELES CA  91304,34.22954439,-118.61395203,0.000606339264652,0.0004298457782575
289,289,2004022020,8723 DELMONICO AVE  LOS ANGELES CA  91304,34.22983778,-118.61397001,0.000606339264652,0.0004298457782575
290,290,2004022021,8729 DELMONICO AVE  LOS ANGELES CA  91304,34.23014582,-118.61396744,0.000452017623037,0.0002754968833532
291,291,2004022022,8735 DELMONICO AVE  LOS ANGELES CA  91304,34.23032166,-118.61383295,0.000452017623037,0.0002754968833532
292,292,2004022023,8741 MOORCROFT AVE  LOS ANGELES CA  91304,34.2303338,-118.61351441,0.000452017623037,0.0002754968833532
293,293,2004022024,8749 MOORCROFT AVE  LOS ANGELES CA  91304,34.23031041,-118.61321488,0.000452017623037,0.0002754968833532
294,294,2004022025,8757 MOORCROFT AVE  LOS ANGELES CA  91304,34.23030994,-118.61292105,0.000606339264652,0.0004298457782575
295,295,2004022026,8767 MOORCROFT AVE  LOS ANGELES CA  91304,34.23030378,-118.61261776,0.000606339264652,0.0004298457782575
296,296,2004022027,8779 MOORCROFT AVE  LOS ANGELES CA  91304,34.23037319,-118.6122562,0.0009679533630817,0.0007915237379417
297,297,2004022029,22221 PARTHENIA ST  LOS ANGELES CA  91304,34.22920518,-118.6116993,0.0005455993965564,0.0003690951834667
298,298,2004022030,22235 PARTHENIA ST  LOS ANGELES CA  91304,34.22925693,-118.61208831,0.0005385366211965,0.0003620311608167
299,299,2004022031,22245 PARTHENIA ST  LOS ANGELES CA  91304,34.22926529,-118.61243951,0.0005826789671962,0.0004061813023797
300,300,2004022032,22253 PARTHENIA ST  LOS ANGELES CA  91304,34.22926088,-118.61277987,0.0005350052335165,0.0003584991494916
301,301,2004022033,22261 PARTHENIA ST  LOS ANGELES CA  91304,34.22926054,-118.61311899,0.0003898651998694,0.0002133334840324
302,302,2004022034,8706 DELMONICO AVE  LOS ANGELES CA  91304,34.22926108,-118.61345834,0.0005816195508922,0.0004051216989822
303,303,2004022035,8701 DELMONICO AVE  LOS ANGELES CA  91304,34.22923015,-118.61395135,0.0006476565005078,0.0004711703107604
304,304,2004022036,8661 DELMONICO AVE  LOS ANGELES CA  91304,34.22887679,-118.61395064,0.0003704425676296,0.0001939074217447
305,305,2004022037,8761 FARRALONE AVE  LOS ANGELES CA  91304,34.23038027,-118.61080716,0.0007030992870834,0.0005266228885636
306,306,2004023001,8971 FARRALONE AVE  LOS ANGELES CA  91304,34.23409232,-118.60838343,0.0003820961469735,0.0002055630591173
307,307,2004023002,8961 FARRALONE AVE  LOS ANGELES CA  91304,34.23383899,-118.60854738,0.0003100558383019,0.0001335100280865
308,308,2004023003,8951 FARRALONE AVE  LOS ANGELES CA  91304,34.23362711,-118.60860045,0.0002899269285261,0.0001133775635338
309,309,2004023004,8942 MOORCROFT AVE  LOS ANGELES CA  91304,34.23350463,-118.60896505,0.0003566701556776,0.000180132577577
310,310,2004023005,8930 MOORCROFT AVE  LOS ANGELES CA  91304,34.23321175,-118.60918099,0.0002842767082381,0.0001077263454137
311,311,2004023006,8920 MOORCROFT AVE  LOS ANGELES CA  91304,34.2329692,-118.60936536,0.0001963451550067,1.977926342023023e-05
312,312,2004023007,8910 MOORCROFT AVE  LOS ANGELES CA  91304,34.23273088,-118.60954598,0.0004393046273891,0.000262781642583
313,313,2004023008,8900 MOORCROFT AVE  LOS ANGELES CA  91304,34.23249761,-118.6097172,0.0002789796267181,0.0001024283284261
314,314,2004023009,8886 MOORCROFT AVE  LOS ANGELES CA  91304,34.23228198,-118.60987397,0.0003121746709099,0.0001356292348815
315,315,2004023010,8876 MOORCROFT AVE  LOS ANGELES CA  91304,34.2320791,-118.61002147,0.0004724996715809,0.0002959825490384
316,316,2004023011,8862 MOORCROFT AVE  LOS ANGELES CA  91304,34.23189312,-118.61021112,0.0003210031401099,0.0001444592631941
317,317,2004023013,8867 FARRALONE AVE  LOS ANGELES CA  91304,34.23211174,-118.60950378,0.0005452462577884,0.0003687419823342
318,318,2004023014,8877 FARRALONE AVE  LOS ANGELES CA  91304,34.23233692,-118.60936756,0.0005177014338846,0.0003411922939989
319,319,2004023015,8909 FARRALONE AVE  LOS ANGELES CA  91304,34.2325755,-118.60922314,0.0004929817201248,0.0003164682147236
320,320,2004023016,8917 FARRALONE AVE  LOS ANGELES CA  91304,34.23281507,-118.60905715,0.0004929817201248,0.0003164682147236
321,321,2004023017,8927 FARRALONE AVE  LOS ANGELES CA  91304,34.23306378,-118.60888523,0.0003252408053258,0.0001486976767842
322,322,2004023018,8937 FARRALONE AVE  LOS ANGELES CA  91304,34.23333956,-118.6086887,0.0003323035806858,0.0001557616994343
323,323,2004023019,8859 FARRALONE AVE  LOS ANGELES CA  91304,34.23190025,-118.60966352,0.0003121746709099,0.0001356292348815
324,324,2004024001,8857 MOORCROFT AVE  LOS ANGELES CA  91304,34.23194964,-118.61093618,0.0005840915222682,0.0004075941069097
325,325,2004024002,8867 MOORCROFT AVE  LOS ANGELES CA  91304,34.23218168,-118.61069676,0.0002609695495503,8.441507066848259e-05
326,326,2004024003,8873 MOORCROFT AVE  LOS ANGELES CA  91304,34.23235272,-118.61055535,0.0003743270940775,0.0001977926342023
327,327,2004024004,8883 MOORCROFT AVE  LOS ANGELES CA  91304,34.2325249,-118.61041296,0.0001889292408787,1.2362039637643892e-05
328,328,2004024005,8901 MOORCROFT AVE  LOS ANGELES CA  91304,34.23270157,-118.61026687,0.0002789796267181,0.0001024283284261
329,329,2004024006,8911 MOORCROFT AVE  LOS ANGELES CA  91304,34.2328828,-118.61011702,0.0004679088675969,0.0002913909343158
330,330,2004024007,8919 MOORCROFT AVE  LOS ANGELES CA  91304,34.23307078,-118.60996155,0.0002789796267181,0.0001024283284261
331,331,2004024008,8927 MOORCROFT AVE  LOS ANGELES CA  91304,34.23326562,-118.60980045,0.0004103472484133,0.0002338191497177
332,332,2004024009,8935 MOORCROFT AVE  LOS ANGELES CA  91304,34.23346494,-118.60963563,0.0003121746709099,0.0001356292348815
333,333,2004024010,8945 MOORCROFT AVE  LOS ANGELES CA  91304,34.23367136,-118.60946883,0.0004220008277572,0.0002454747870903
334,334,2004024011,8953 MOORCROFT AVE  LOS ANGELES CA  91304,34.23387542,-118.60929031,0.0003121746709099,0.0001356292348815
335,335,2004024012,8961 MOORCROFT AVE  LOS ANGELES CA  91304,34.23406979,-118.6090993,0.0002387218071664,6.216339932072358e-05
336,336,2004024013,8971 MOORCROFT AVE  LOS ANGELES CA  91304,34.23426468,-118.60891279,0.0002789796267181,0.0001024283284261
337,337,2004024014,8981 MOORCROFT AVE  LOS ANGELES CA  91304,34.23448222,-118.6087102,0.0002747419615022,9.818991483614292e-05
338,338,2004024015,9001 MOORCROFT AVE  LOS ANGELES CA  91304,34.23456736,-118.60836694,0.0002789796267181,0.0001024283284261
339,339,2004024016,9011 FARRALONE AVE  LOS ANGELES CA  91304,34.23480494,-118.60846826,0.0001889292408787,1.2362039637643892e-05
340,340,2004024020,8853 MOORCROFT AVE  LOS ANGELES CA  91304,34.23168148,-118.61110171,0.0007006273157074,0.0005241504806361
341,341,2004024021,8841 MOORCROFT AVE  LOS ANGELES CA  91304,34.231489,-118.61129969,0.0007006273157074,0.0005241504806361
342,342,2004024022,8831 MOORCROFT AVE  LOS ANGELES CA  91304,34.23130927,-118.61146509,0.0007062775359954,0.0005298016987561
343,343,2004024023,8823 MOORCROFT AVE  LOS ANGELES CA  91304,34.23112812,-118.61163055,0.0007006273157074,0.0005241504806361
344,344,2004024024,8815 MOORCROFT AVE  LOS ANGELES CA  91304,34.2309459,-118.61178148,0.0007006273157074,0.0005241504806361
345,345,2004024025,8809 MOORCROFT AVE  LOS ANGELES CA  91304,34.23076436,-118.61192898,0.0007062775359954,0.0005298016987561
346,346,2004024026,8801 MOORCROFT AVE  LOS ANGELES CA  91304,34.23058178,-118.61210513,0.0007006273157074,0.0005241504806361
347,347,2004024027,22167 RAYEN ST  LOS ANGELES CA  91304,34.23165296,-118.61045483,0.0005491307842364,0.0003726271947918
348,348,2004024028,22159 RAYEN ST  LOS ANGELES CA  91304,34.23163994,-118.61015997,0.0005802069958202,0.0004037088944521
349,349,2004024029,22151 RAYEN ST  LOS ANGELES CA  91304,34.23155312,-118.60978875,0.0005018101893247,0.0003252982430362
350,350,2004024030,22170 RAYEN ST  LOS ANGELES CA  91304,34.23124565,-118.61086969,0.000458374120861,0.0002818545037382
351,351,2004024031,22164 RAYEN ST  LOS ANGELES CA  91304,34.23118372,-118.6106578,0.0005802069958202,0.0004037088944521
352,352,2004024032,22158 RAYEN ST  LOS ANGELES CA  91304,34.23115452,-118.610448,0.0007987998932108,0.0006223403954722
353,353,2004024033,22150 RAYEN ST  LOS ANGELES CA  91304,34.23108136,-118.61016214,0.0005018101893247,0.0003252982430362
354,354,2004024034,8822 MOORCROFT AVE  LOS ANGELES CA  91304,34.23091189,-118.61104004,0.0005802069958202,0.0004037088944521
355,355,2004024035,8816 MOORCROFT AVE  LOS ANGELES CA  91304,34.23074224,-118.6111628,0.0006550724146357,0.000478587534543
356,356,2004024036,8806 MOORCROFT AVE  LOS ANGELES CA  91304,34.23058484,-118.61135357,0.0005491307842364,0.0003726271947918
357,357,2004024037,8826 MOORCROFT AVE  LOS ANGELES CA  91304,34.23073083,-118.61079914,0.0005473650903964,0.0003708611891293
358,358,2004024038,8832 MOORCROFT AVE  LOS ANGELES CA  91304,34.23073394,-118.6105234,0.0005018101893247,0.0003252982430362
359,359,2004024039,9021 FARRALONE AVE  LOS ANGELES CA  91304,34.23507057,-118.60835261,0.0004403640436931,0.0002638412459805
360,360,2004026001,8530 N YEHUDA DRIVE  LOS ANGELES CA  91304,34.22531128,-118.62389374,0.0006518941657237,0.0004754087243505
361,361,2004026002,8534 N YEHUDA DRIVE  LOS ANGELES CA  91304,34.22542572,-118.62376404,0.0007822023711149,0.0006057399422445
362,362,2004026003,8538 N YEHUDA DRIVE  LOS ANGELES CA  91304,34.22557068,-118.62371063,0.0007822023711149,0.0006057399422445
363,363,2004026004,8542 N YEHUDA DRIVE  LOS ANGELES CA  91304,34.22572708,-118.62371063,0.0006518941657237,0.0004754087243505
364,364,2004026005,8546 N YEHUDA DRIVE  LOS ANGELES CA  91304,34.22586441,-118.62371063,0.0005731442204602,0.0003966448718021
365,365,2004026006,8550 N YEHUDA DRIVE  LOS ANGELES CA  91304,34.22600174,-118.62371063,0.0006518941657237,0.0004754087243505
366,366,2004026007,8554 N YEHUDA DRIVE  LOS ANGELES CA  91304,34.22613907,-118.62371063,0.0005731442204602,0.0003966448718021
367,367,2004026008,8558 N YEHUDA DRIVE  LOS ANGELES CA  91304,34.2262764,-118.62371063,0.0006518941657237,0.0004754087243505
368,368,2004026009,8562 N YEHUDA DRIVE  LOS ANGELES CA  91304,34.22641373,-118.62371063,0.0006518941657237,0.0004754087243505
369,369,2004026010,8566 N YEHUDA DRIVE  LOS ANGELES CA  91304,34.22655106,-118.62371063,0.0005731442204602,0.0003966448718021
370,370,2004026011,8570 N YEHUDA DRIVE  LOS ANGELES CA  91304,34.22668839,-118.62371063,0.0006518941657237,0.0004754087243505
371,371,2004026012,8574 N YEHUDA DRIVE  LOS ANGELES CA  91304,34.22682953,-118.62371826,0.0005731442204602,0.0003966448718021
372,372,2004026013,8583 N ADIR DRIVE  LOS ANGELES CA  91304,34.22677231,-118.62335968,0.0007822023711149,0.0006057399422445
373,373,2004026014,8577 N ADIR DRIVE  LOS ANGELES CA  91304,34.22661209,-118.62335205,0.0005731442204602,0.0003966448718021
374,374,2004026015,8571 N ADIR DRIVE  LOS ANGELES CA  91304,34.2264595,-118.62335205,0.0006518941657237,0.0004754087243505
375,375,2004026016,8565 N ADIR DRIVE  LOS ANGELES CA  91304,34.22631073,-118.62335968,0.0007822023711149,0.0006057399422445
376,376,2004026017,8559 N ADIR DRIVE  LOS ANGELES CA  91304,34.22615814,-118.62335968,0.0006518941657237,0.0004754087243505
377,377,2004026018,8553 N ADIR DRIVE  LOS ANGELES CA  91304,34.22600937,-118.62335968,0.0007822023711149,0.0006057399422445
378,378,2004026019,8547 N ADIR DRIVE  LOS ANGELES CA  91304,34.22585678,-118.62335968,0.0005731442204602,0.0003966448718021
379,379,2004026020,8541 N ADIR DRIVE  LOS ANGELES CA  91304,34.22570419,-118.62335968,0.0007822023711149,0.0006057399422445
380,380,2004026021,8535 N ADIR DRIVE  LOS ANGELES CA  91304,34.22555542,-118.62335968,0.0006518941657237,0.0004754087243505
381,381,2004026022,8527 N ADIR DRIVE  LOS ANGELES CA  91304,34.2253952,-118.62333679,0.0005731442204602,0.0003966448718021
382,382,2004026023,8519 N ADIR DRIVE  LOS ANGELES CA  91304,34.2252388,-118.62338257,0.0005731442204602,0.0003966448718021
383,383,2004026024,8513 N ADIR DRIVE  LOS ANGELES CA  91304,34.22514725,-118.62352753,0.0006518941657237,0.0004754087243505
384,384,2004026025,8507 N ADIR DRIVE  LOS ANGELES CA  91304,34.22507477,-118.62368011,0.0007822023711149,0.0006057399422445
385,385,2004026026,8506 N ADIR DRIVE  LOS ANGELES CA  91304,34.2246666,-118.62335205,0.0005908011588601,0.0004143049284273
386,386,2004026027,8510 N ADIR DRIVE  LOS ANGELES CA  91304,34.22473145,-118.62308502,0.0005908011588601,0.0004143049284273
387,387,2004026028,8516 N ADIR DRIVE  LOS ANGELES CA  91304,34.22480392,-118.6228714,0.0005908011588601,0.0004143049284273
388,388,2004026029,8522 N ADIR DRIVE  LOS ANGELES CA  91304,34.22502518,-118.62278748,0.0005908011588601,0.0004143049284273
389,389,2004026030,8528 N ADIR DRIVE  LOS ANGELES CA  91304,34.22533417,-118.62277985,0.0005908011588601,0.0004143049284273
390,390,2004026031,8536 N ADIR DRIVE  LOS ANGELES CA  91304,34.22561646,-118.6227951,0.0008129254439307,0.0006364684407724
391,391,2004026032,8548 N ADIR DRIVE  LOS ANGELES CA  91304,34.22589111,-118.62278748,0.0008129254439307,0.0006364684407724
392,392,2004026033,8560 N ADIR DRIVE  LOS ANGELES CA  91304,34.22616959,-118.62278748,0.0008129254439307,0.0006364684407724
393,393,2004026034,8570 N ADIR DRIVE  LOS ANGELES CA  91304,34.22644806,-118.62278748,0.0008129254439307,0.0006364684407724
394,394,2004026035,8582 N ADIR DRIVE  LOS ANGELES CA  91304,34.22673416,-118.62276459,0.0008129254439307,0.0006364684407724
395,395,2004026036,22735 W ANGEL LANE  LOS ANGELES CA  91304,34.22703934,-118.62277222,0.0005908011588601,0.0004143049284273
396,396,2004026037,22741 W ANGEL LANE  LOS ANGELES CA  91304,34.22718811,-118.62291718,0.0007822023711149,0.0006057399422445
397,397,2004026038,22745 W ANGEL LANE  LOS ANGELES CA  91304,34.22721863,-118.62315369,0.0007822023711149,0.0006057399422445
398,398,2004026039,22751 W ANGEL LANE  LOS ANGELES CA  91304,34.22720718,-118.62335968,0.0005731442204602,0.0003966448718021
399,399,2004026040,22801 W ANGEL LANE  LOS ANGELES CA  91304,34.22723007,-118.62353516,0.0005731442204602,0.0003966448718021
400,400,2004026041,22807 W ANGEL LANE  LOS ANGELES CA  91304,34.22728729,-118.62374115,0.0006518941657237,0.0004754087243505
401,401,2004026042,22813 W ANGEL LANE  LOS ANGELES CA  91304,34.22731018,-118.62398529,0.0007822023711149,0.0006057399422445
402,402,2004026043,22817 W ANGEL LANE  LOS ANGELES CA  91304,34.22728348,-118.62418365,0.0007822023711149,0.0006057399422445
403,403,2004027001,22813 W OAK WAY  LOS ANGELES CA  91304,34.22714233,-118.62424469,0.0001991702651507,2.260487248026312e-05
404,404,2004027002,22815 W OAK WAY  LOS ANGELES CA  91304,34.22723389,-118.62438202,0.0002027016528306,2.6136883805304232e-05
405,405,2004027003,22817 W OAK WAY  LOS ANGELES CA  91304,34.22727966,-118.6244812,0.0001991702651507,2.260487248026312e-05
406,406,2004027004,22819 W OAK WAY  LOS ANGELES CA  91304,34.22728729,-118.62457275,0.0002027016528306,2.6136883805304232e-05
407,407,2004027005,22821 W OAK WAY  LOS ANGELES CA  91304,34.22730637,-118.62476349,0.0001991702651507,2.260487248026312e-05
408,408,2004027006,8567 N WALNUT WAY  LOS ANGELES CA  91304,34.22701645,-118.62477112,0.0002027016528306,2.6136883805304232e-05
409,409,2004027007,8565 N WALNUT WAY  LOS ANGELES CA  91304,34.22694016,-118.62477112,0.0001991702651507,2.260487248026312e-05
410,410,2004027008,8563 N WALNUT WAY  LOS ANGELES CA  91304,34.22686005,-118.62477875,0.0002027016528306,2.6136883805304232e-05
411,411,2004027009,8561 N WALNUT WAY  LOS ANGELES CA  91304,34.22677994,-118.62477875,0.0001991702651507,2.260487248026312e-05
412,412,2004027010,8559 N WALNUT WAY  LOS ANGELES CA  91304,34.22669983,-118.62477875,0.0002027016528306,2.6136883805304232e-05
413,413,2004027011,8557 N WALNUT WAY  LOS ANGELES CA  91304,34.22661972,-118.62477112,0.0001991702651507,2.260487248026312e-05
414,414,2004027012,8555 N WALNUT WAY  LOS ANGELES CA  91304,34.22653961,-118.62477112,0.0002027016528306,2.6136883805304232e-05
415,415,2004027013,8553 N WALNUT WAY  LOS ANGELES CA  91304,34.2264595,-118.62477112,0.0001991702651507,2.260487248026312e-05
416,416,2004027014,8551 N WALNUT WAY  LOS ANGELES CA  91304,34.22637939,-118.62477112,0.0002027016528306,2.6136883805304232e-05
417,417,2004027015,8549 N WALNUT WAY  LOS ANGELES CA  91304,34.22628403,-118.62475586,0.0001991702651507,2.260487248026312e-05
418,418,2004027016,8545 N WALNUT WAY  LOS ANGELES CA  91304,34.22618103,-118.62477875,0.0001991702651507,2.260487248026312e-05
419,419,2004027017,8541 N WALNUT WAY  LOS ANGELES CA  91304,34.22613525,-118.62489319,0.0001991702651507,2.260487248026312e-05
420,420,2004027018,8539 N WALNUT WAY  LOS ANGELES CA  91304,34.22609329,-118.62497711,0.0002027016528306,2.6136883805304232e-05
421,421,2004027019,22824 W OLIVE WAY  LOS ANGELES CA  91304,34.22599411,-118.6247406,0.0001991702651507,2.260487248026312e-05
422,422,2004027020,22822 W OLIVE WAY  LOS ANGELES CA  91304,34.22592926,-118.62464905,0.0002027016528306,2.6136883805304232e-05
423,423,2004027021,22820 W OLIVE WAY  LOS ANGELES CA  91304,34.22587585,-118.62458038,0.0001991702651507,2.260487248026312e-05
424,424,2004027022,22818 W OLIVE WAY  LOS ANGELES CA  91304,34.22580338,-118.6244812,0.0002027016528306,2.6136883805304232e-05
425,425,2004027023,22820 W MAPLE WAY  LOS ANGELES CA  91304,34.22610474,-118.62454224,0.0002027016528306,2.6136883805304232e-05
426,426,2004027024,22818 W MAPLE WAY  LOS ANGELES CA  91304,34.22605515,-118.62440491,0.0001991702651507,2.260487248026312e-05
427,427,2004027025,22816 W MAPLE WAY  LOS ANGELES CA  91304,34.2260437,-118.62430573,0.0002027016528306,2.6136883805304232e-05
428,428,2004027026,22814 W MAPLE WAY  LOS ANGELES CA  91304,34.22607803,-118.62421417,0.0001991702651507,2.260487248026312e-05
429,429,2004027027,22812 W MAPLE WAY  LOS ANGELES CA  91304,34.22607422,-118.62411499,0.0001991702651507,2.260487248026312e-05
430,430,2004027028,22811 W MAPLE WAY  LOS ANGELES CA  91304,34.22633362,-118.62411499,0.0002027016528306,2.6136883805304232e-05
431,431,2004027029,22813 W MAPLE WAY  LOS ANGELES CA  91304,34.2263298,-118.62420654,0.0002027016528306,2.6136883805304232e-05
432,432,2004027030,22815 W MAPLE WAY  LOS ANGELES CA  91304,34.2263298,-118.62430573,0.0001991702651507,2.260487248026312e-05
433,433,2004027031,22817 W MAPLE WAY  LOS ANGELES CA  91304,34.2263298,-118.62440491,0.0002027016528306,2.6136883805304232e-05
434,434,2004027032,22819 W MAPLE WAY  LOS ANGELES CA  91304,34.22633362,-118.62454224,0.0001991702651507,2.260487248026312e-05
435,435,2004027033,22820 W CEDAR WAY  LOS ANGELES CA  91304,34.2265358,-118.62454224,0.0002027016528306,2.6136883805304232e-05
436,436,2004027034,22818 W CEDAR WAY  LOS ANGELES CA  91304,34.2265358,-118.62439728,0.0001991702651507,2.260487248026312e-05
437,437,2004027035,22816 W CEDAR WAY  LOS ANGELES CA  91304,34.2265358,-118.62430573,0.0002027016528306,2.6136883805304232e-05
438,438,2004027036,22814 W CEDAR WAY  LOS ANGELES CA  91304,34.2265358,-118.62420654,0.0001991702651507,2.260487248026312e-05
439,439,2004027037,22812 W CEDAR WAY  LOS ANGELES CA  91304,34.22653198,-118.62410736,0.0002027016528306,2.6136883805304232e-05
440,440,2004027038,22815 W CEDAR WAY  LOS ANGELES CA  91304,34.22673035,-118.62414551,0.0001991702651507,2.260487248026312e-05
441,441,2004027039,22817 W CEDAR WAY  LOS ANGELES CA  91304,34.22673798,-118.62425995,0.0002027016528306,2.6136883805304232e-05
442,442,2004027040,22819 W CEDAR WAY  LOS ANGELES CA  91304,34.22673798,-118.6243515,0.0001991702651507,2.260487248026312e-05
443,443,2004027041,22821 W CEDAR WAY  LOS ANGELES CA  91304,34.22673798,-118.62445068,0.0002027016528306,2.6136883805304232e-05
444,444,2004027042,22823 W CEDAR WAY  LOS ANGELES CA  91304,34.22673798,-118.62457275,0.0001991702651507,2.260487248026312e-05
445,445,2004027043,22820 W OAK WAY  LOS ANGELES CA  91304,34.22694397,-118.62457275,0.0002027016528306,2.6136883805304232e-05
446,446,2004027044,22818 W OAK WAY  LOS ANGELES CA  91304,34.22694016,-118.62445068,0.0001991702651507,2.260487248026312e-05
447,447,2004027045,22816 W OAK WAY  LOS ANGELES CA  91304,34.22694016,-118.6243515,0.0002027016528306,2.6136883805304232e-05
448,448,2004027046,22814 W OAK WAY  LOS ANGELES CA  91304,34.22694016,-118.62425995,0.0002027016528306,2.6136883805304232e-05
449,449,2004027047,22812 W OAK WAY  LOS ANGELES CA  91304,34.22694778,-118.62414551,0.0002027016528306,2.6136883805304232e-05
450,450,2005002013,22801 ROSCOE BLVD  LOS ANGELES CA  91304,34.22022955,-118.62622627,0.0547132018809583,0.0545462636971399
451,451,2005002016,8407 FALLBROOK AVE  WEST HILLS CA  91304,34.22456899,-118.62631297,0.0518944482348005,0.0517270122574921
452,452,2005002017,8401 FALLBROOK AVE  WEST HILLS CA  91304,34.22456899,-118.62631297,0.0747880814253245,0.0746246884766011
453,453,2005002018,,34.22456899,-118.62631297,0.0,0.0
454,454,2005003001,8300 DUCOR AVE  LOS ANGELES CA  91304,34.2195334,-118.62889224,0.0004004593629094,0.0002239295180076
455,455,2005003002,8304 DUCOR AVE  LOS ANGELES CA  91304,34.21971721,-118.62889189,0.000142668062271,0.0
456,456,2005003003,8310 DUCOR AVE  LOS ANGELES CA  91304,34.21988301,-118.62891707,0.0001832790205908,6.710821517578114e-06
457,457,2005003004,8314 DUCOR AVE  LOS ANGELES CA  91304,34.22005004,-118.62892332,0.000142668062271,0.0
458,458,2005003005,8318 DUCOR AVE  LOS ANGELES CA  91304,34.22021341,-118.62896513,0.0001832790205908,6.710821517578114e-06
459,459,2005003006,8322 DUCOR AVE  LOS ANGELES CA  91304,34.22038488,-118.62900842,0.0002358966970224,5.933779026069069e-05
460,460,2005003007,8328 DUCOR AVE  LOS ANGELES CA  91304,34.22055458,-118.62904959,0.0001832790205908,6.710821517578114e-06
461,461,2005003008,8332 DUCOR AVE  LOS ANGELES CA  91304,34.22072159,-118.62909013,0.000142668062271,0.0
462,462,2005003009,8338 DUCOR AVE  LOS ANGELES CA  91304,34.2208886,-118.62913065,0.0003157060585899,0.0001391612462066
463,463,2005003010,8344 DUCOR AVE  LOS ANGELES CA  91304,34.22105695,-118.6291715,0.0002486096926703,7.20530310308387e-05
464,464,2005003011,8348 DUCOR AVE  LOS ANGELES CA  91304,34.22122592,-118.62921406,0.0002853361245421,0.0001087859488112
465,465,2005003012,8356 DUCOR AVE  LOS ANGELES CA  91304,34.22140682,-118.62927853,0.0002701511575182,9.359830011358948e-05
466,466,2005003013,8355 DUCOR AVE  LOS ANGELES CA  91304,34.22139812,-118.62979006,0.0001832790205908,6.710821517578114e-06
467,467,2005003014,8351 DUCOR AVE  LOS ANGELES CA  91304,34.22123087,-118.62974043,0.000142668062271,0.0
468,468,2005003015,8347 DUCOR AVE  LOS ANGELES CA  91304,34.22106281,-118.62969964,0.0001832790205908,6.710821517578114e-06
469,469,2005003016,8341 DUCOR AVE  LOS ANGELES CA  91304,34.22089475,-118.62965886,0.000142668062271,0.0
470,470,2005003017,8337 DUCOR AVE  LOS ANGELES CA  91304,34.22072669,-118.62961809,0.0001832790205908,6.710821517578114e-06
471,471,2005003018,8331 DUCOR AVE  LOS ANGELES CA  91304,34.22055864,-118.6295773,0.000142668062271,0.0
472,472,2005003019,8325 DUCOR AVE  LOS ANGELES CA  91304,34.22039059,-118.62953651,0.0001832790205908,6.710821517578114e-06
473,473,2005003020,8319 DUCOR AVE  LOS ANGELES CA  91304,34.22022252,-118.62949574,0.000142668062271,0.0
474,474,2005003021,8315 DUCOR AVE  LOS ANGELES CA  91304,34.22005474,-118.62945133,0.0001832790205908,6.710821517578114e-06
475,475,2005003022,8311 DUCOR AVE  LOS ANGELES CA  91304,34.21988193,-118.62942799,0.000142668062271,0.0
476,476,2005003023,8305 DUCOR AVE  LOS ANGELES CA  91304,34.2197051,-118.62943635,0.0001832790205908,6.710821517578114e-06
477,477,2005003024,8301 DUCOR AVE  LOS ANGELES CA  91304,34.21951614,-118.62941267,0.000142668062271,0.0
478,478,2005003025,8300 SEDAN AVE  LOS ANGELES CA  91304,34.21952278,-118.62975218,0.0001832790205908,6.710821517578114e-06
479,479,2005003026,8308 SEDAN AVE  LOS ANGELES CA  91304,34.21970031,-118.62975822,0.0001281893727831,0.0
480,480,2005003027,8312 SEDAN AVE  LOS ANGELES CA  91304,34.21987585,-118.62976041,0.0003986936690694,0.000222163512345
481,481,2005003028,8316 SEDAN AVE  LOS ANGELES CA  91304,34.22003862,-118.6298028,0.0001832790205908,6.710821517578114e-06
482,482,2005003029,8320 SEDAN AVE  LOS ANGELES CA  91304,34.22020393,-118.6298429,0.0004248259379012,0.0002483003961503
483,483,2005003030,8328 SEDAN AVE  LOS ANGELES CA  91304,34.22036925,-118.62988303,0.0001832790205908,6.710821517578114e-06
484,484,2005003031,8332 SEDAN AVE  LOS ANGELES CA  91304,34.22053088,-118.62992224,0.000142668062271,0.0
485,485,2005003032,8336 SEDAN AVE  LOS ANGELES CA  91304,34.22069654,-118.62996244,0.0001832790205908,6.710821517578114e-06
486,486,2005003033,8340 SEDAN AVE  LOS ANGELES CA  91304,34.2208622,-118.63000263,0.000142668062271,0.0
487,487,2005003034,8346 SEDAN AVE  LOS ANGELES CA  91304,34.22102382,-118.63004185,0.0001832790205908,6.710821517578114e-06
488,488,2005003035,8352 SEDAN AVE  LOS ANGELES CA  91304,34.22118948,-118.63008204,0.000142668062271,0.0
489,489,2005003036,8356 SEDAN AVE  LOS ANGELES CA  91304,34.22136703,-118.6301266,0.0001832790205908,6.710821517578114e-06
490,490,2005003037,,34.22088928,-118.63030522,0.0,0.0
491,491,2005003038,,34.22044915,-118.62932664,0.0,0.0
492,492,2005004001,8374 SAMRA DR  LOS ANGELES CA  91304,34.22145962,-118.62899254,0.0001832790205908,6.710821517578114e-06
493,493,2005004002,8376 SAMRA DR  LOS ANGELES CA  91304,34.22156698,-118.62882466,0.000142668062271,0.0
494,494,2005004003,8380 SAMRA DR  LOS ANGELES CA  91304,34.22169481,-118.62866882,0.0001832790205908,6.710821517578114e-06
495,495,2005004004,8384 SAMRA DR  LOS ANGELES CA  91304,34.22186531,-118.62862058,0.000142668062271,0.0
496,496,2005004005,8388 SAMRA DR  LOS ANGELES CA  91304,34.22203934,-118.6286197,0.0001832790205908,6.710821517578114e-06
497,497,2005004006,8392 SAMRA DR  LOS ANGELES CA  91304,34.22220984,-118.62862712,0.000142668062271,0.0
498,498,2005004007,8400 SAMRA DR  LOS ANGELES CA  91304,34.22238073,-118.62862837,0.0001832790205908,6.710821517578114e-06
499,499,2005004008,8406 SAMRA DR  LOS ANGELES CA  91304,34.22255531,-118.62862399,0.000142668062271,0.0
